<?xml version="1.0" encoding="utf-8"?>
<ApplicationPackage SchemaVersion="1.0"
	ProductType="Application"

	AutodeskProduct="Maya"
	Name="ngskintools2"
	Description="ngSkinTools2 - advanced skinning"
	AppVersion="2.2.4"
	Author="ngSkinTools.com"
	AppNameSpace="com.ngskintools.ngskintools2"
	HelpFile="./Contents/docs/index.html"
	OnlineDocumentation="https://www.ngskintools.com/documentation/v2/userguide/"

	ProductCode="*"
	UpgradeCode="9c893fff-bb08-41b3-854d-17cdbbdba486" >

	<CompanyDetails Name="ngskintools.com"
		Phone=" "
		Url="http://www.ngskintools.com/"
		Email="support@ngskintools.com" />

	<Components>
		<RuntimeRequirements SupportPath="./Contents/docs" OS="win64|macOS|linux" Platform="Maya" />
		<MayaEnv expr="XBMLANGPATH+:=icons" />
		<ComponentEntry ModuleName="./Contents/scripts/ngskintools2_load.mel" />
	</Components>

	
        <Components>
            <RuntimeRequirements SupportPath="./Contents/docs/" OS="win64" Platform="Maya" SeriesMin="2018" SeriesMax="2018" />
            <MayaEnv expr="MAYA_PLUG_IN_PATH+:=plug-ins/2018" />
            <ComponentEntry ModuleName="./Contents/plug-ins/2018/ngSkinTools2.mll" />
        </Components>
        

        <Components>
            <RuntimeRequirements SupportPath="./Contents/docs/" OS="win64" Platform="Maya" SeriesMin="2019" SeriesMax="2019" />
            <MayaEnv expr="MAYA_PLUG_IN_PATH+:=plug-ins/2019" />
            <ComponentEntry ModuleName="./Contents/plug-ins/2019/ngSkinTools2.mll" />
        </Components>
        

        <Components>
            <RuntimeRequirements SupportPath="./Contents/docs/" OS="win64" Platform="Maya" SeriesMin="2020" SeriesMax="2020" />
            <MayaEnv expr="MAYA_PLUG_IN_PATH+:=plug-ins/2020" />
            <ComponentEntry ModuleName="./Contents/plug-ins/2020/ngSkinTools2.mll" />
        </Components>
        

        <Components>
            <RuntimeRequirements SupportPath="./Contents/docs/" OS="win64" Platform="Maya" SeriesMin="2022" SeriesMax="2022" />
            <MayaEnv expr="MAYA_PLUG_IN_PATH+:=plug-ins/2022" />
            <ComponentEntry ModuleName="./Contents/plug-ins/2022/ngSkinTools2.mll" />
        </Components>
        

        <Components>
            <RuntimeRequirements SupportPath="./Contents/docs/" OS="win64" Platform="Maya" SeriesMin="2023" SeriesMax="2023" />
            <MayaEnv expr="MAYA_PLUG_IN_PATH+:=plug-ins/2023" />
            <ComponentEntry ModuleName="./Contents/plug-ins/2023/ngSkinTools2.mll" />
        </Components>
        

        <Components>
            <RuntimeRequirements SupportPath="./Contents/docs/" OS="win64" Platform="Maya" SeriesMin="2024" SeriesMax="2024" />
            <MayaEnv expr="MAYA_PLUG_IN_PATH+:=plug-ins/2024" />
            <ComponentEntry ModuleName="./Contents/plug-ins/2024/ngSkinTools2.mll" />
        </Components>
        

        <Components>
            <RuntimeRequirements SupportPath="./Contents/docs/" OS="win64" Platform="Maya" SeriesMin="2025" SeriesMax="2025" />
            <MayaEnv expr="MAYA_PLUG_IN_PATH+:=plug-ins/2025" />
            <ComponentEntry ModuleName="./Contents/plug-ins/2025/ngSkinTools2.mll" />
        </Components>
        

</ApplicationPackage>
